{
    "cam7": {
        "ex": [
            [1,0,0,0],
            [0,1,0,0],
            [0,0,1,0],
            [0,0,0,1]
        ],
        "in": [
            [1184.819681634124,0,958.7177183453407],
            [0,1182.81490759311,580.5180816966925],
            [0,0,1]
        ],
        "dist": [
            -0.2321208836567054,
            0.1036925937027809,
            0.001644967797003794,
            -0.001119429314475384,
            -0.02646937367634598
        ]
    },
    "cam3": {
        "ex": [
            [0.715801,-0.22937,0.659559,-2.27834],
            [0.295299,0.955333,0.0117488,-0.472281],
            [-0.632793,0.186357,0.751561,0.963995],
            [0,0,0,1]
        ],
        "in": [
            [1193.601273134512,0,941.0655291845651],
            [0,1192.140537495894,576.6839553483013],
            [0,0,1]
        ],
        "dist": [
            -0.2357412976764199,
            0.1035429103172785,
            0.000714221998011988,
            0.0001266418566488787,
            -0.02582181396225221
        ]
    },
    "cam4": {
        "ex": [
            [0.0666751,-0.23875,0.968789,-3.26518],
            [0.472844,0.862559,0.180028,-1.30507],
            [-0.87862,0.446083,0.170403,2.69669],
            [0,0,0,1]
        ],
        "in": [
            [1193.708827483104,0,945.676460752723],
            [0,1192.716713089258,562.8066366963042],
            [0,0,1]
        ],
        "dist": [
            -0.2403002376931219,
            0.1125385592201167,
            0.0005117705754679151,
            7.088720267483178e-05,
            -0.03018973662465711
        ]
    },
    "cam6": {
        "ex": [
            [-0.811116,-0.215051,0.543916,-2.36616],
            [0.258758,0.702054,0.663449,-2.63028],
            [-0.524534,0.678876,-0.513801,5.45314],
            [0,0,0,1]
        ],
        "in": [
            [1185.287977102645,0,994.6934707890598],
            [0,1183.939553180571,607.6622035213687],
            [0,0,1]
        ],
        "dist": [
            -0.2347749174187936,
            0.1042501283467381,
            0.0005614368733162128,
            -1.392074720872159e-05,
            -0.02606041627053337
        ]
    },
    "cam5": {
        "ex": [
            [-0.995858,0.0218714,0.0882494,-0.449471],
            [0.0812533,0.64961,0.755913,-3.06869],
            [-0.0407948,0.759953,-0.648697,6.3716],
            [0,0,0,1]
        ],
        "in": [
            [1186.874590219562,0,981.7874041585623,0],
            [0,1184.928473742166,585.7750443171316],
            [0,0,1]
        ],
        "dist": [
            -0.2382875188340224,
            0.1112216238841532,
            0.000349971817537549,
            -0.001057306244384439,
            -0.03074112859937883
        ]
    },
    "cam2": {
        "ex": [
            [-0.773328,0.229622,-0.590963,2.0008],
            [-0.268821,0.72542,0.633642,-2.77775],
            [0.574194,0.648876,-0.49926,5.66212],
            [0,0,0,1]
        ],
        "in": [
            [1206.342160008639,0,956.8116711836914],
            [0,1204.122587216592,570.6255336776926],
            [0,0,1]
        ],
        "dist": [
            -0.2418368840414951,
            0.111067857500548,
            0.0004967518289627314,
            -0.0007039708719082943,
            -0.02934319459283831
        ]
    },
    "cam1": {
        "ex": [
            [-0.0937433,0.269328,-0.958475,3.59591],
            [-0.389858,0.875905,0.284256,-1.72231],
            [0.916091,0.400316,0.0228894,3.49337],
            [0,0,0,1]
        ],
        "in": [
            [1170.543258585015,0,982.702541487683],
            [0,1169.262592525153,569.9355080016312],
            [0,0,1]
        ],
        "dist": [
            -0.2295328565699062,
            0.1028035661356489,
            0.002013031988510865,
            -0.001723157037543028,
            -0.02683874519063208
        ]
    },
    "cam0": {
        "ex": [
            [0.671031,0.168228,-0.722092,2.45571],
            [-0.306444,0.949768,-0.0635033,-0.44904],
            [0.675137,0.263893,0.688876,0.93147],
            [0,0,0,1]
        ],
        "in": [
            [1213.059584790153,0,963.7186046082611],
            [0,1210.603376458068,561.9951067693809],
            [0,0,1]
        ],
        "dist": [
            -0.2457915213691968,
            0.1108568072887201,
            0.001064729929008372,
            5.547803568277451e-05,
            -0.02795896285869855
        ]
    }
}